{
  "turrets": {
    "1": {
      "r": 300.0,
      "theta": 5.759586531581287
    },
    "2": {
      "r": 300.0,
      "theta": 5.323254218582705
    },
    "3": {
      "r": 300.0,
      "theta": 0.0
    },
    "4": {
      "r": 300.0,
      "theta": 2.670353755551324
    }
  }
}
